转化能力,"～产品竞争力打造如何挖掘
什么是真正的产品优势？",2.6万阅读,20赞,3评论,2019-04-16 10:03
转化能力,品牌传播流程～口碑营销,3.8万阅读,20赞,5评论,2019-04-15 18:23
转化能力,"市场活动策划流程-8个步骤
1.       需求分析
2.       数据分析
3.       制定目标
4.       活动策略
5.       活动策划
6.       制定计划
7.       活动宣传
8.       活动评估
 ",5.1万阅读,60赞,31评论,2019-04-15 09:42
转化能力,"渠道主要的9大问题
～发现问题，解决问题
1.       新渠道开拓难
2.       业绩完成不理想
3.       渠道忠诚度低
4.       客户不满
5.       动销能力差
6.       客户只看利益
7.       服务跟不上
8.       市场支持不够
9.       指标不落地",4.7万阅读,37赞,12评论,2019-04-14 20:29
转化能力,"企业经营4大核心
1)      企业战略规划-方向目标
2)      企业资源配置-资源梳理
3)      企业组织架构-团队建设
4)      营销业绩管理体系-营销策略
通俗的说就是方向把握好，充分使用好资源，资源发挥最大价值，把人管好，做好销售业绩。",3.7万阅读,41赞,10评论,2019-04-14 18:13
转化能力,"一张图看懂企业经营
～战略绩效管理地图",6.9万阅读,113赞,45评论,2019-04-13 20:51
转化能力,"《渠道助力-渠道营销服务》
1)营销工具
～产品介绍PPT
～产品标准视频
～产品标准Q&A
～公司标准介绍PPT
2)推广活动
～招商会
～渠道活动
～新品发布
～行业展会
3)企划方案
～专项营销企划案
～项目营销方案
～专项活动企划
～渠道推广企划
4)渠道营销
～渠道分析
～营销模式企划
～大客户营销
5)定制服务
～客户针对性的营销服务
～物料设计等支持",3.1万阅读,26赞,14评论,2019-04-12 18:35
转化能力,"提高渠道销售力的9大关键词
1.       渠道定义
2.       渠道分类
3.       渠道赋能
4.       渠道服务
5.       渠道管理
6.       市场政策
7.       渠道布局
8.       渠道策略
9.       目标跟踪",5.0万阅读,36赞,19评论,2019-04-11 20:26
转化能力,"业绩目标是通过渠道卖出去的
完成业绩必须做好渠道的6类工作，一个都不能少
1.       渠道开发
2.       渠道经营
3.       渠道管理
4.       渠道政策
5.       渠道支持
6.       渠道跟踪",3.9万阅读,31赞,6评论,2019-04-10 20:32
转化能力,"分享4种实用有效的工作管理表格：
1)       部门 XX年 XX月月度工作计划表
2)       部门XX年XX月月度工作完成情况表
3)       部门每周工作计划及安排表（XX月XX日至XX月XX日）
4)       部门每周工作计划完成情况表（XX月XX日至XX月XX日）
各部门月度，每周工作跟踪完成及计划表下载链接：https://pan.baidu.com/s/1WFfnt_sdjmSFF4_Ly9yhpQ
提取码：nb15",5.9万阅读,60赞,21评论,2019-04-10 20:22
转化能力,"制定2019年销售目标跟踪体系
1)       日、月、季度、半年度跟踪
2)       月度考核机制
3)       重点客户跟踪体系
4)       重点渠道跟踪体系
5)       重点产品跟踪体系
6)       重点市场跟踪体系
跟踪关键（掌握28法则）",6.0万阅读,62赞,26评论,2019-04-09 20:45
转化能力,"首个营销圈层，聚焦业绩如何完成，欢迎加入！
互动和交流，分享
转化能力 解决你的问题
1)      您有什么营销问题？
2)       完成业绩有没有信心？
3)       团队有什么问题？
4)       渠道不给力?
5)       竞争激烈怎么办？
6)      产品缺乏卖点？
7)       业绩如何跟踪？
8)       管理跟不上？
营销很多问题是共性的，需要群策群力，一起研究解决。
转化能力圈层，营销精英共享 共赢互动交流分享平台",2.1万阅读,16赞,2评论,2019-04-08 21:41
转化能力,"如何打造超强团队战斗力？
1)       建立共同的价值观-思想统一
2)       建立共同的目标-行动统一
3)       建立管理制度-超强执行力基础
4)       建立系统的组织架构-职责清晰
5)       岗位设置-调动员工积极性
6)       形成完整管理工具文件-管理方法
7)       日常学习培训-提高学习能力
 ",5.2万阅读,60赞,26评论,2019-04-08 20:26
转化能力,"2019年完成业绩目标细化工作顺序
第一要素：业绩基础
有竞争力的产品、动销的渠道、
超强执行力的团队是完成业绩最重要的工作
第二要素：保驾护航
产品渠道团队布局到位，提高企业的营销及管理能力
加强品牌建设，为业绩保驾护航
第三要素：业绩赋能
再辅助以市场策划、企业传播、营销推广
为市场赋能，为目标赋能，确保完成业绩",5.3万阅读,49赞,13评论,2019-04-07 20:37
转化能力,"制定合理的目标，有效分解和跟踪管理
匹配团队，渠道，活动，产品，促销，市场赋能，营销管理，考核体系，才能确保有效完成业绩。",4.1万阅读,35赞,23评论,2019-04-06 04:58
转化能力,"购买专栏后
如何获取源文件，请加服务微信号yesokppt
非常感谢您的捧场",4886阅读,5赞,1评论,2019-04-03 06:12
转化能力,"购买专栏没拿到源文件的请加服务微信号
yesokppt，专人负责发给你，谢谢",5855阅读,9赞,0评论,2019-03-21 22:13
转化能力,"感谢大家的关注，转发和捧场
今日福利，分享一份优质ppt：
转化能力推荐福利：互联网+企业运营模式与产品推广思维PPT源文件下载
链接：https://pan.baidu.com/s/1kUYPkB2ukmxh-XdqX_zgMw
提取码：0nh9",3.2万阅读,20赞,12评论,2019-03-19 21:19
转化能力,"#早安头条# 双赢模式：
双赢强调的是双方的利益兼顾，即所谓的“赢者不全赢，输者不全输”。这是营销中经常用的一种理论。多数人的所谓的双赢就是大家都有好处，至少不会变得更坏。“双赢”模式是中国传统文化中“和合”思想与西方市场竞争理念相结合的产物。在现代企业经营管理中，有人强调“和谐高于一切”，有人提倡“竞争才能生存”，而实践证明，和谐与竞争的统一才是企业经营的最高境界。市场经济是竞争经济也是协作经济，是社会化专业协作的大生产，因此在市场经济条件下的企业运作中，竞争与协作不可分割地联系在一起。
 ",1.4万阅读,8赞,1评论,2019-03-18 21:23
转化能力,"我是谁不重要，你是谁也不重要。
对你有价值有用，能够帮助到你最重要！",4.3万阅读,41赞,5评论,2019-03-18 02:36
转化能力,"#早安头条#
一张图告诉你如何挖掘“品牌核心价值”",3.9万阅读,47赞,24评论,2019-03-17 18:56
转化能力,"#早安头条#
WBS任务分解法

一，WBS的具体含义

WBS任务分解法源于项目管理，即英文“Work Breakdown Structure”的缩写，指的是对应当由项目团队执行以便实现项目目标，并创造必要的可交付成果工作，按可交付成果所做的层次分解。

WBS将项目的整个范围组织在一起并加以明确，每向下分解一个层次，就意味着项目工作的定义又深入了一步。

二、WBS的三个关键词

WBS包含3个关键词：任务（work)、分解(breakdown)、结构(structure）
1.任务（work)--可以产生有形结果的工作任务，如展业，可以直接给我们带来客户数量增加的结果。

2.分解(breakdown)--是一种逐步细分和分类的层级结构，就是指把大项的工作任务分解为具体的工作，再把每一项工作细分为许多个活动。例如展业这一项任务，就可以分解为陌拜、电销、派单、插车等多项工作，而仅仅是陌拜这一件工作，又可以细分成提前了解客户资料、准备好开场话术、顺利地过前台、与客户进行有效沟通等多项具体的活动。

3.结构(structure)--按照一定的模式组织各部分。也就是说，无论你把一项任务分解成了多少项工作、活动，这些工作、活动都应该是结构分明的，它们之间存在着一定的内在联系，我们一定要对这种联系了如指掌，才能高效地完成工作。",2.1万阅读,15赞,3评论,2019-03-13 21:46
转化能力,"#早安头条# 营销工作计划3步逻辑：
1.目标到策略
2.策略到计划
3.计划到执行
https://m.toutiaocdn.cn/group/6667505407738511879/?iid=65740268054&app=news_article&timestamp=1552438160&group_id=6667505407738511879",2.3万阅读,15赞,5评论,2019-03-12 20:50
转化能力,"#早安头条#
一份好的营销工作计划
1.明确的目标
2.有效的策略方法
3.落地的行动计划
4.执行跟踪体系",3.2万阅读,38赞,26评论,2019-03-11 20:32
转化能力,"营销的8大核心工作
https://m.toutiaocdn.cn/item/6666770067654443534/?iid=65740268054&app=news_article&timestamp=1552307337&group_id=6666770067654443534",2.8万阅读,26赞,7评论,2019-03-11 08:29
转化能力,"【5HW2分析法】

(1)Why：为何—-为什么要如此做？

(2)What：何事—-做什么？准备什么？

(3)Where：何处—-在何处着手进行最好？

(4)When：何时—-什么时候开始？什么时候完成？

(5)Who：何人—-谁去做？

(6)How：如何—-如何做？

(7)How much：何价—-成本如何？达到怎样的效果？

包含了品牌从战略（WHO、WHY）到策略（WHAT、WHEN、WHER）直至战术（HOW）的完整运作系统，在加上另一个H—-HOW MUCH（多少）即品牌预算，实际就是一个完整的品牌运作全案！

做任何工作都应该从5W2H来思考?有助于我们的思路的条理化，杜绝盲目性。",6.3万阅读,86赞,72评论,2019-03-11 08:18
转化能力,"TIME is MONEY
#早安头条#",1.1万阅读,8赞,0评论,2019-03-09 18:38
转化能力,"#早安头条#
转化能力有什么用？",2.1万阅读,21赞,4评论,2019-03-07 16:31
转化能力,[握手]//@家里有点田:这个主人非常细致，已经关注了一年多。,7595阅读,8赞,2评论,2019-03-07 07:50
转化能力,"#早安头条#
2019年营销工作如何安排，分解，落地。
https://m.toutiaocdn.cn/group/6665270959450096136/?iid=65107682768&app=news_article&timestamp=1551913044&group_id=6665270959450096136",3.0万阅读,24赞,6评论,2019-03-06 18:00
转化能力,好，私信//@豆浆油条酒:已购买,8719阅读,4赞,0评论,2019-03-05 09:05
转化能力,"企业家最应该关心的是什么？
中国企业家询问美国企业家的时候最多提及的两个问题是：

（1）你的企业有多少人？

（2）销售额有多少？

但是，美国企业家最多提及的两个问题是：

（1）你有多少用户？

（2）你对顾客价值的贡献所占的比率是多少？",3.6万阅读,23赞,7评论,2019-03-03 17:34
转化能力,"恭喜武磊成为西甲历史上首位取得进球的中国球员！
好的开始[赞][赞][赞][鼓掌][鼓掌][鼓掌]
给您带来好运气",5.1万阅读,84赞,22评论,2019-03-02 08:47
转化能力,"“连接共生”2019年春季转化精英荟，相聚上海线下活动，带着问题来，诊断，分享，培训，互动。
欢迎参加，报名微信：oogong",1.8万阅读,9赞,4评论,2019-03-02 07:59
转化能力,"｝#早安头条# 4C理论：
4C理论是由美国营销专家劳特朋教授在1990年提出的，它以消费者需求为导向。

4C理论强调企业 首先应该把追求顾客满意放在第一位，其次是努力降低顾客的购买成本，然后要充分注意到顾客购买过程中的便利性，而不是从企业的角度来决定销售渠道策略，最后还应以消费者为中心实施有效的营销沟通。

消费者的需求与欲望（Consumerneedswants）把产品先搁到一边，赶紧研究消费者的需求与欲望，不要再卖你能制造的产品，而要卖某人确定想要买的产品；

消费者愿意付出的成本（Cost）暂时忘掉定价策略，赶快去了解消费者要满足其需要与欲求所必须付出的成本；

购买商品的便利（Convenience），忘掉通路策略，应当思考如何给消费者方便以购得商品；

沟通（Communication），最后请忘掉促销，90年代以后的正确新词汇应该是沟通。",3.0万阅读,29赞,11评论,2019-03-01 18:47
转化能力,"#早安头条#
长尾理论
与二八法则相对，21世纪又出现了长尾理论，长尾理论的基本原理是：只要存储和流通的渠道足 够大，需求不旺或销量不佳的产品所共同占据的市场份额可以和那些少数热销产品所占据的市场份额相匹敌甚至更大。

即众多小市场汇聚成可与主流大市场相匹敌的 市场能量。在长尾理论中，实际上“长尾”是二八法则中原先不怎么被重视的那80%非关键的市场和低收益客户等等。

长尾理论要想发挥效果必须具备条件：足够的存储和流通的渠道，并且市场维护成本要尽可能小。计算机和网络技术高度发展使之得以实现。因此我们看到大批长尾理论的获利者都是互联网企业，传统市场中“二八定律”依旧大行其道，毋庸置疑。",3.9万阅读,26赞,11评论,2019-02-28 17:41
转化能力,"#早安头条# 营销常用方法分享
二八法则
意大利经济学家帕累托提出，80%的收入来源于20%的客户，公司里20%的员工完成80%的业绩，20%的强势品牌占据着80%的市场。

“二八法则”要求管理者在工作中不能“胡子眉毛一把抓”，而是要抓关键人员、关键环节、关键用户、关键项目、关键岗位。“二八法则”之所以得到业界的推崇，就在于其提倡的“有所为，有所不为”的经营方略，确定了传媒业的视野。",3.3万阅读,22赞,7评论,2019-02-27 17:02
转化能力,"#方法分享#
在企业日常管理中会有一个工作方法，称为OGSM-T，这个方法同样适用于同学们的日常学习和生活。

1.目的（objectives）

也就是需要确认你的方向是什么，你需要达成什么。通常指长期的时间框架（如4年）；通常指一个领域或最多两个领域，并且对核心领域做质的描述；目的通常来自于自我创立、方向指引、使命定位。

2.目标（goals）

怎样衡量达成目的过程中的进展？对目的作量化指标；周期性（季度或月度）追踪；尽量用图表报告。目标应该是明确的，可量化、可实现并且与目的一致。制定目标应遵循SMART原则：明确的（specific）、可衡量的（measurable）、切实可行的（achievable）、结果导向的（result-oriented）、有时间限制的（time-limited）。

3.策略（strategies）

策略是指怎样达到目标。「策略」通常包括所用工具、核心事务以及关键成功要素；「目的」是决定与方向，「策略」是为达到「目的」及其「目标」所做的选择；「策略」不能太多，否则会失去重心，分散资源。通常限定在五个或更少。

4.衡量标准（measures）

你关心什么，就衡量什么；只有衡量你想得到的，你才有可能得到；没有衡量就没有管理。衡量标准应该是明确的，可量化、可实现并且与目的及其目标一致。制定衡量标准也要遵循SMART原则。

5.行动方案（tactics）

指具体的活动或项目，完成这些活动将获得竞争优势。步骤：写下所有为达成目标必须做的事；责任：每一个步骤由谁负责；支持：期望什么样及谁的帮助；时间：每一个步骤开始及完成的时间框架，或者流程顺序；每月评估：追踪进度，若有差距及时调整。

这是企业管理中最常用的工具，如果你可以在日常生活中就采用，你一定会获得收获并受益终生。",3.2万阅读,21赞,9评论,2019-02-27 05:14
转化能力,"#我要上头条#
转化能力构建“营销共同体大平台”
是一个为别人带来好处，帮助别人，转化价值的平台
为营销精英发挥价值，帮助企业和个人创造价值。
欢迎您的加入",2.1万阅读,15赞,3评论,2019-02-26 09:05
转化能力,"特别通知
购买专栏后没拿到源文件的，请加
V信：yesokppt，专人负责发给你
感谢捧场",1.5万阅读,6赞,0评论,2019-02-26 08:38
转化能力,"#我要上头条#
员工表现不好，不全是员工的问题
1、你是不是了解你的员工，充分了解员工的能力
2、你有没有把布置的工作说清楚，清晰的工作任务
3、有没有让员工感觉到你对他的认可，多点鼓励
4、是不是让员工看到企业的积极发展态势，团队建设
5、你有没有换位思考，各自的努力和付出
没有一无是处的员工，只有不会使用好员工的领导！
为每天努力工作的职场精英点赞",4.3万阅读,36赞,8评论,2019-02-25 20:05
转化能力,"华为人力资源管理哲学的核心逻辑——「价值规律」：价值创造、价值评价、价值分配。
其核心逻辑就是，如何建立一种机制去牵引全体员工拼命地创造价值，创造了价值，价值评价和价值分配才会有基础。

第二个逻辑是，创造了价值，如何去进行评价。华为有针对不同人群的价值评价机制，去牵引不同岗位在自己的业务范围内做出贡献。

第三个逻辑是，根据价值评价合理地做出价值分配。价值分配只有真正地反馈到价值创造方面，才能够让大家拼命地往前冲。华为就是通过价值分配和激励机制给员工分钱，给员工加薪，配股分红，来激发大家的斗志，不断激励员工创造更大的价值。

核心价值观是华为的组织之魂。华为把「以客户为中心，以奋斗者为本，长期艰苦奋斗」的核心价值观融进了18万华为人的血脉之中，更融入到了整个组织的制度与流程体系。是价值观决定了华为的制度走向、制度框架和制度创新，并进而成为左右华为人才战略与干部取向的根本准则。",4.4万阅读,32赞,12评论,2019-02-24 17:53
转化能力,"#早安头条#
【管理者需要注意的】
管理者会关注工作目标，更不要忽略掉「人的价值」，唯有做好这两件事，管理工作本质才会呈现出来。",2.5万阅读,10赞,0评论,2019-02-21 18:01
转化能力,"销售2月份最重要的5件工作
1、销售人员的工作状态调整
2、渠道重点客户代理商、门店的沟通
3、第一季度具体落地工作的跟踪
4、2019年度销售绩效落地考核，月度考核
5、销售问题的汇总分析，提早解决
2019年有个好的开始、好的开始是成功的一半！
 ",6.6万阅读,88赞,32评论,2019-02-20 05:32
转化能力,战略规划秘籍,1.5万阅读,9赞,4评论,2019-02-19 08:48
转化能力,"要感恩那些对你好的人，
因为他们沒有义务这样。

—— 朱德庸",3.4万阅读,27赞,1评论,2019-02-16 18:02
转化能力,"人与人最大的区别是思维方式
 
【托利得定律】
“判断一个人的智力是否上乘，就看他脑子里是否能同时容纳下两种不同的人思想，而无碍于其处世行事。“
法国社会学家托利德
仅供参考",5.4万阅读,47赞,15评论,2019-02-15 04:42
转化能力,"季羡林：
「聪明的人下笨功夫」，这一定有大成就；「笨人下笨功夫」，也能有所成就；等而下之，「聪明人下聪明功夫」，就谈不上会有什么成就了。而「笨人下聪明功夫」，那就几近滑稽了。",3.7万阅读,40赞,19评论,2019-02-14 18:22
转化能力,不负春光起好步，追梦出彩开好局,2.0万阅读,17赞,4评论,2019-02-13 18:39
转化能力,"销售是用问的，不是用说的
1、我们卖的是帮用户解决问题的方案
2、把问问题当成一种习惯而不是技巧
3、销售是个发问的流程，引导顾客思考的流程
4、一步步让用户说“yes”的流程
5、给用户带来好处
成交关键3步曲：
顾客购买的关键按钮“问”“听”“看”",5.5万阅读,43赞,16评论,2019-02-13 07:51
转化能力,"分享稻盛和夫【管理理念】

1.制度观：制度是公司发展的基石，但与制度相比，更重视人心。

2.激励观：员工动力一定要有物质基础，与物质激励相比，更重视精神奖励。

3.利益观：与股东利益相比，更重视员工利益。

4.人才观：才能固然重要，与才能相比，更重视人的品行。",7.9万阅读,115赞,69评论,2019-02-11 19:01
转化能力,总结的好[赞][赞][赞]//@停--回头看:工作有目标！事情要落地！人心要巩固！节点要狠抓！,7280阅读,8赞,3评论,2019-02-10 22:31
转化能力,"祝您开工大吉[666][666][666]
天时.地利.人和.事顺！",6.4万阅读,89赞,35评论,2019-02-10 22:09
转化能力,"假期10天充电计划”最后一篇
新春知识福利、2月10日免费分享
《如何构建有效的服务管理体系》
点击链接直接下载
https://pan.baidu.com/s/1hjBQBl2ikgZWcOswHITw2Q
 ",2.0万阅读,15赞,2评论,2019-02-09 18:14
转化能力,"大年初五财神到，恭喜发财[祈祷][祈祷][祈祷][祈祷][祈祷]
假期10天充电计划”
新春知识福利、2月9日免费分享
《营销企划书实用10大表格》
点击链接直接下载
https://pan.baidu.com/s/1tWNf15F9Yi_IMZlNB6TFOw",3.2万阅读,24赞,11评论,2019-02-08 18:28
转化能力,您是劳模，他不是劳模，您是老板，他不是老板 公司有制度不执行就是摆设，上下不一心，您会很累，节后等他来了，跟他面谈一下，不在于早来晚来几天，重要的是 是否用心！//@劳动模范余铁柱:说好了初八上班，员工讨价还价，说初八赶不回来。这样的情况怎么处理？,6799阅读,2赞,0评论,2019-02-08 00:20
转化能力,"假期10天充电计划”
新春知识福利、2月8日免费分享
《30种企业战略管理工具》
点击链接直接下载
https://pan.baidu.com/s/1coUI_z6yNeCzJZUZw-zy7g",2.5万阅读,12赞,3评论,2019-02-07 19:01
转化能力,"假期10天充电计划”
新春知识福利、2月7日免费分享
《管理者的角色定位》
点击链接直接下载
https://pan.baidu.com/s/1x-UgtIMfvtB5I76IaTOMwg
 ",2.1万阅读,8赞,2评论,2019-02-06 19:38
转化能力,"假期10天充电计划”
新春知识福利、2月6日免费分享
《项目经理实用的项目管理10大表格》
点击链接直接下载
https://pan.baidu.com/s/1ZQlBAPbZ68CQRfSUBwTgaw",3.3万阅读,24赞,7评论,2019-02-05 19:37
转化能力,"给您拜年，恭祝新春快乐，万事如意！
“假期10天充电计划”
新春知识福利、2月5日免费分享
《中小企业行政管理办法》
点击链接直接下载
https://pan.baidu.com/s/1b18b1E2NCUiKMv5Q2lBWWw",2.7万阅读,7赞,5评论,2019-02-04 19:43
转化能力,"“假期10天充电计划”
新春知识福利、2月4日免费分享
《品牌管理结构及整合架构》
点击链接直接下载
https://pan.baidu.com/s/1HcC4E-qCe2knBzOAOJ-0Kg",2.7万阅读,24赞,3评论,2019-02-03 15:27
转化能力,"假期10天充电计划”
新春知识福利、2月3日免费分享
《企业管理体系-所有流程汇编》
点击链接直接下载
https://pan.baidu.com/s/1CGUOmpInrwPzUaz22VZTqw
 ",1.1万阅读,9赞,2评论,2019-02-02 17:16
转化能力,"“假期10天充电计划”
新春知识福利、2月2日免费分享
《知识就是力量12份文件汇编》
点击链接直接下载，知识就是力量12份文件汇编下载https://pan.baidu.com/s/1vytwTiGXFc-veMKTQozRGQ",2.8万阅读,20赞,3评论,2019-02-02 06:58
转化能力,"“假期10天充电计划”
新春知识福利、2月1日免费分享
《如何成为一个卓有成效的管理者》
点击链接直接下载
https://pan.baidu.com/s/1b_HPjmeDBjIRF9taq5ycRA",2.7万阅读,16赞,10评论,2019-02-01 10:09
转化能力,"二月，你好！
红红火火过大年[心][心][心][撒花][撒花][撒花]",1.6万阅读,12赞,1评论,2019-01-31 16:46
转化能力,"#2018头条记忆#
用户思维",3.7万阅读,25赞,7评论,2019-01-31 16:38
转化能力,"#发财中国年#
影响趋势的趋势.
大势所趋，顺势而为。
预祝您2019年，猪事顺利！",3.2万阅读,18赞,0评论,2019-01-30 18:17
转化能力,您真早[玫瑰][玫瑰][玫瑰]//@十三王爷11:辛苦了，龚老师！,4891阅读,3赞,0评论,2019-01-28 15:53
转化能力,"策略是完成目标的方法和手段
策略的核心是有效
通常企业有哪些策略？
一级策略
1.市场策略
2.产品策略
3.品牌策略
4.管理策略
5.营销策略
二级策略
6.渠道策略
7.推广策略
8.传播策略
9.促销策略
10.活动策略",3.9万阅读,38赞,27评论,2019-01-28 15:27
转化能力,"PDCA循环现代观点
P（Planning）——计划职能包括三小部分：目标（goal）、实施计划（plan）、收支预算（budget）。
D（design)——设计方案和布局。
C（4C)——4C管理：Check（检查）、Communicate（沟通）、Clean （清理）、Control（控制）。
A（2A)——Act（执行，对总结检查的结果进行处理）、Aim（按照目标要求行事，如改善、提高）。",6.3万阅读,78赞,54评论,2019-01-28 15:18
转化能力,"平凡简单，安于平凡，真不简单。

——三毛",2.1万阅读,18赞,4评论,2019-01-27 16:36
转化能力,"今日头条【知识年货】活动大优惠
最后一天，错过要等一年！
#知识年货节#
2019年业绩保驾护航专栏：为总经理，营销总监定制的2019年业绩如何制定和完成源文件汇编专栏优惠
https://m.toutiao.com/column/v2/index/column/landing/?column_id=1606408704651283
2019年战略制定规划专栏：2019年战略规划怎么做全套源文件汇编专栏优惠
https://m.toutiao.com/column/v2/index/column/landing/?column_id=1618735858109443",1.8万阅读,4赞,5评论,2019-01-26 18:23
转化能力,据说领了0.88元的，2019都会“发”[呲牙]！//@大风144816120:我也是噢,4795阅读,0赞,0评论,2019-01-25 11:36
转化能力,0.88[捂脸]#发财中国年#,1.8万阅读,13赞,9评论,2019-01-25 11:31
转化能力,"今日头条#知识年货节# 专栏优惠活动
最后两天，千万别错过哦
为总经理，营销总监定制的2019年业绩如何制定和完成源文件汇编专栏（五折优惠）
https://m.toutiao.com/column/v2/index/column/landing/?column_id=1606408704651283
2019年战略规划怎么做全套源文件汇编专栏优惠50元
https://m.toutiao.com/column/v2/index/column/landing/?column_id=1618735858109443",1.4万阅读,5赞,1评论,2019-01-25 08:16
转化能力,"“事者，生于虑，成于务，失于傲”
出自《管子·乘马》",2.2万阅读,26赞,4评论,2019-01-24 18:11
转化能力,"#知识年货节#
如何确保2019年“活跃度”云图。
@吴晓波频道 @进击课堂",2.8万阅读,24赞,8评论,2019-01-23 22:28
转化能力,土豪啊，不考虑流量了[呲牙]//@冏囧不囧:地铁上信号差，点坐好板凳，网好了在看[酷拽],4311阅读,4赞,0评论,2019-01-21 05:28
转化能力,"#知识年货节# 今日头条【知识年货节】
～活动5折大优惠
为总经理，营销总监定制的2019年业绩如何制定和如何完成源文件汇编专栏（如何助力2019年完成销售业绩，利润指标，企业发展，点击了解活动详情）
https://m.toutiao.com/column/v2/index/column/landing/?column_id=1606408704651283
* 2019年销售目标如何制定？
*2019年销售目标如何分解？
*2019年营销目标如何完成？
20多年职场市场营销工作经验的营销老兵为您定制的专栏汇编源文件。
把最干货的内容都整理在我的主页专栏里，请您关注1月21日-28日期间联合头条发起【知识年货节】活动，更优惠，一年一次的知识年货活动，不要错过。
另外2019年战略规划怎么做 全套源文件汇编专栏也有优惠哦
https://m.toutiao.com/column/v2/index/column/landing/?column_id=1618735858109443",7.0万阅读,103赞,4评论,2019-01-20 18:20
转化能力,"今日头条【知识年货】活动大优惠
2019年业绩目标如何制定，2019年业绩目标如何完
成？汇编源文件专栏https://m.toutiao.com/column/v2/index/column/landing/?column_id=1606408704651283
2019年战略规划怎么做？汇编源文件专栏
https://m.toutiao.com/column/v2/index/column/landing/?column_id=1618735858109443
1月21日-28日期间联合头条发起【知识年货】活动，更优惠，一年一次的知识年货活动，不要错过。
记得领取优惠券哦。",1.4万阅读,15赞,1评论,2019-01-20 11:11
转化能力,"“转化能力”
2019年希望能够给您带来更大的帮助[玫瑰][玫瑰][玫瑰]
感谢您持续的关注和转发！",2.9万阅读,22赞,3评论,2019-01-20 04:49
转化能力,"#观点#企业经营目标重要性的先后排序
对1000名管理人员就各种企业目标重要性的先后次序进行调查的结果：
1、企业效率
2、高生产率
3、利润最大化
4、企业增长
5、行业领导者身份
6、企业稳定
7、员工福利
8、社会福利
2019年1月19日",2.0万阅读,14赞,5评论,2019-01-19 01:10
转化能力,转化能力聚焦分享营销领域的营销工具，管理方法，营销思维，品牌打造，产品管理等，主要涵盖管理、营销、品牌、产品、能力5大模块的内容创作，请您关注，感谢。,2.9万阅读,30赞,19评论,2019-01-18 03:17
转化能力,说的在理[赞]//@小老赵29303694:老板们就想省事，降价促销、廉价礼赠、同质化的会员服务，因为他们总想立竿见影出效果，而又不愿去思考如何创新性的迎合并满足消费者的需求,5959阅读,2赞,0评论,2019-01-14 06:06
转化能力,"生意人掌握的八步营销策略
1、描绘目标用户的精准画像
2、设置吸引用户关注的诱饵
3、通过展示和互动，建立信赖感和价值感
4、无法抗拒的成交主张
5、解决用户的后顾之忧
6、给用户制造惊喜
7、转介绍传播机制，口碑传播
8、测试优化，提高成交转化率
 ",3.9万阅读,47赞,32评论,2019-01-14 04:31
转化能力,"重要通知：
购买专栏文章者如何拿到源文件
购买后加V信yesokppt，备注购买的专栏名称，由于要文件的人较多，加微后还望耐心等待工作人员的回复。因为头条跟腾讯不是一个平台，购买的朋友还要提供一下购买凭证（头条--我的--我的书架--已购）。
感谢您的捧场。",1.5万阅读,9赞,1评论,2019-01-12 22:14
转化能力,"无知的智慧
知道自己的无知是智慧
承认自己无知是境界
无知是一种态度，无知是最大的学习
知道无知是幸福，无知，不会逞强
无知才会变的有知
你知道自己无知吗？",2.1万阅读,4赞,2评论,2019-01-09 20:53
转化能力,"营销不是讲道理，营销的核心是一个“活”字
学了很多道理，企业还是经营不好，营销的核心是有效和落地，营销核心4个目标:
1、完成制定的销售业绩目标
2、确保企业经营盈利
3、让企业和员工共同成长
4、为社会创造价值
对得起企业，对得起自己，对得起团队，对得起社会。
知识、资源、组织、结构、思维、系统、流程、活学活用.
2019年1月8日",3.8万阅读,46赞,15评论,2019-01-08 02:37
转化能力,"2019年发展蓝图规划（SMART工具）
请参照以下方式制定：
S（具体的）：你的目标一定是非常具体的，不能是2019年我要盈利，而是要改为2019年我要完成1000万利润；
M（可衡量的）：这个目标一定要可以衡量，不能说2019年我要幸福，而要改为如何2019年我可以嫁人，我就是幸福的（随便举个例子），要不这个幸福真的是太难以衡量了；
A（可实现的）：这个目标是有一定的挑战性，但是也不是好高骛远的，一定是努努力可以实现的那种。所以前面是目标不是一个亿，因为对于普通人来讲确实太难了；
R（相关的）：这个目标一定是自己内心非常想实现的，而不是别人的目标，一定要与自己相关，才会愿意实现，才会为之努力；
T（有时间限制的）：目标一定要有时间限制，要把这个目标分解成一个个小目标，分步骤来去实现，但是一定要有里程碑的时间节点，这样目标才能变成现实。
2019年1月2日",3.4万阅读,20赞,7评论,2019-01-02 03:36
转化能力,"【罗胖跨年演讲极简版】
大趋势不再，红利时代终结，我们普通人所能把握的，就是身边的各种“小趋势”。小趋势很小，却是“影响趋势的趋势，带来改变的改变。”要想把握“小趋势”，没有末班车，什么时候都来得及。怎么把握这些小趋势呢？罗胖通过5个扎心的问题，给出了答案：
1、如何认清事实：我们需要培养“还原能力”。为此，我们要不断修行，要建立“多元思维模型”，也就是，能让大脑中同时存在两种全然相反的观念却不打架。
2、如何感知“非共识”：非共识是一种创新方法，就是要跟大多数人想的不一样。为此，我们要“回到母体，强化母体”。换句话说就是，“用最新的方法把那些古老的事情再做一遍。”
3、正确看待时间：人类的寿命越来越长，职业、婚姻、家庭等各种关系都要重构。对此，“所有能穿越时间的东西，就该坚守；所有会被时间过滤的，该翻篇就翻篇”。
4、如何获取力量：相比于人工智能，人类最大的能力就是对于人性的感知能力。拼多多、顺丰、得到的成功，都依赖于人与人之间的“信用飞轮”。
5、如何和时间做朋友：要在长期主义的复利下，积累出奇迹，这样就可以和时间做朋友。
以上，就是罗胖4个多小时演讲的全部内容。他讲的都是常识，而非知识。——转自微信圈YY",6.5万阅读,46赞,40评论,2019-01-01 21:11
转化能力,"祝您新年快乐！
幸福安康！",3.2万阅读,24赞,4评论,2018-12-31 09:20
转化能力,感谢您[玫瑰][玫瑰][玫瑰]#2018头条记忆#感谢您的关注，感谢您的转发，感谢您的点赞，感谢您的打赏，感谢您的捧场，谢谢你[祈祷][祈祷][祈祷]，一路上有你!,2.1万阅读,11赞,0评论,2018-12-27 16:50
转化能力,"战略思维
不管遇到什么问题，战略思维要求首先问自己：我想做什么，而不是去问，我如何解决问题，这是管理思维。
战略思维是以持续发展为选择依据的行动。
2018年12月27日",4.5万阅读,47赞,21评论,2018-12-27 07:11
转化能力,"---2019年 连接共生---
在一个完全不确定、所有东西都可能被重新定义的环境当中，最重要的是你要和所有的变化组合在一起。
1、连接比拥有更重要
2、连接不仅仅是分享，是协同
3、共生必须互为主体，共同的价值格局
2018年12月25日",2.4万阅读,15赞,4评论,2018-12-25 06:54
转化能力,"企业年前最重要的6件事
1、定位专题会：企业、品牌、产品全面梳理客观分析找到自己的位置；
2、人才的招揽，团队的打造、为19年蓄力；
3、盈利模式的制定、升级；
4、坚固内部管理，了解企业各个阶段的关键成功要素，通过管理驱动产生效益；
5、分析品类、细分领域，找到行业和品类的最佳机会；6、整合供应链及资源报团取暖，实现共赢。
2018年12月24日",4.4万阅读,48赞,26评论,2018-12-24 04:15
转化能力,非常感谢[玫瑰][玫瑰][玫瑰]//@勇哥是也跨境电商:拿到文件了，靠谱,1.4万阅读,5赞,2评论,2018-12-21 05:21
转化能力,"今天最大的挑战是面向未来，而不是传承过去！
对您而言，最重要的是面对未来的能力！
创造未来比预测未来更重要，你的未来是创造出来的，不是预测出来的。
2018年12月20日",2.1万阅读,11赞,4评论,2018-12-20 04:46
转化能力,"对于目标而言，不是探讨合理性，而是探讨必要性
目标的3个要素
目标是你对未来的预测
目标是你的决心
目标是你对战略的安排
制定目标更重要的是要判断发展的趋势以及所面对的竞争，如果是基于自身的能力和资源来设定，也许目标合理，能够实现，但是当目标实现的时候，也许你的企业已经被同行和市场淘汰。
2018年12月18日",3.9万阅读,27赞,16评论,2018-12-18 00:51
转化能力,产品管理体系,4.3万阅读,49赞,26评论,2018-12-17 04:16
转化能力,科学制定目标,1.3万阅读,9赞,2评论,2018-12-14 09:14
转化能力,"服务是成本还是投资？
第一，服务不只是卖产品，服务是产品的一部分
第二，服务不是成本是投资，是持续性消费价值的投资
第三，服务不应该仅仅是营销手段，而是企业的经营战略
第四，服务不仅仅是满足需求，还能够创造需求
“用户是唯一的一种越用越多的资产”
2018年12月14日",3.2万阅读,22赞,15评论,2018-12-14 05:20
转化能力,连夜赶出来，希望对您有帮助[祈祷][祈祷][祈祷],1.5万阅读,23赞,12评论,2018-12-12 11:30
转化能力,2019年度战略规划方案架构,3.3万阅读,41赞,28评论,2018-12-12 04:43
转化能力,"商业模式构成维度！
①谁是我的客户？（客户画像）
②谁是我真正的客户？（客户精准）
③我能为客户提供什么价值？（品牌核心价值）
④我凭什么成为客户的首选？（打造核心竞争力）
⑤我的商业模式是什么？（客户选择、盈利模式）
2018年12月11日",4.5万阅读,48赞,37评论,2018-12-11 04:28
转化能力,"将企业经营战略分解成几个战略实施阶段，你属于哪个阶段？
第一，战略发动
第二，战略计划
第三，战略实施
第四，战略控制与评估
“2019年战略规划，您做好了吗？”
2018年12月10日",2.8万阅读,14赞,8评论,2018-12-10 04:27
转化能力,"2019年年度规划做好了吗？
战略规划的必要性和重要性
 
明确2019年企业经营方向及企业发展目标
找到完成业绩目标的有效策略方法
根据制定的计划有效推进，解决企业具体工作的推进问题

如何制定年度计划定制秘籍

 https://ic.snssdk.com/column/v2/index/text_article/landing/?article_id=6630361203489128973",3.4万阅读,15赞,4评论,2018-12-07 21:42
转化能力,谢谢，您的关注和转发，是对我最大的支持，感激不尽[祈祷][祈祷][祈祷]//@Paul0981kola:好鼓励分享资源的好人,1.3万阅读,3赞,0评论,2018-12-07 09:21
转化能力,"你是不是一个人在战斗！

商场就是没有硝烟的战场
只是你企业有多少人在搏杀
有多少人在观望
有多少人在坐享其成。
2018年12月7日",1.7万阅读,7赞,0评论,2018-12-07 01:03
转化能力,[赞][赞][赞][赞]//@冏囧不囧:谋而后动，有计划规划才能更好的完成[赞],1.2万阅读,4赞,2评论,2018-12-06 07:32
转化能力,"CEO几乎都是光杆司令
“几乎所有的公司CEO都是光杆司令，公司中的参谋部是个指挥打战的机构，所以我致力于建立像军队一样的参谋系统。”
                                                        ------雷军
如何避免CEO是光杆司令3种办法：
1、内部成立参谋部
2、市场企划部或者营销部赋予参谋部功能
3、利用外脑
2018年12月6日",2.2万阅读,14赞,7评论,2018-12-06 05:04
转化能力,"会营销的人
就是懂的别人的“需求”
大部分的人都只会关注自己的想法和意愿，所谓的营销的第一个思维就是：
“如何通过满足别人的需求达到自己的目的”
需求是营销人的第一直觉。
营销方案就是增长用户对你的需求
2018年12月5日",2.4万阅读,16赞,11评论,2018-12-05 00:03
转化能力,"什么是有效的学习？
在工作中学习，在学习中工作
曾经有一位记者问毛主席，您从来没读过军事学校，您只有中专师范毕业，为什么您能够成为一个伟大的战略家、伟大的军事家？毛主席的回答：“在战争中学习，在学习中战争”，毛主席所有的军事智慧都来自于在战争中学习，体会、总结出来的。而人所有的智慧，都不是学出来的，都是体验出来的，只有在做中学、学中做才能获得智慧！
《实践经验比理论知识更加落地有效》
2018年12月4日",8920阅读,7赞,1评论,2018-12-04 04:03
转化能力,"2019年转化能力精英会员
开始招募

需要加入的请加wx:
yesokppt",7756阅读,4赞,2评论,2018-12-03 08:24
转化能力,2019年如何制定营销战略，如何做的思路及80份源文件专栏,4932阅读,6赞,7评论,2018-12-02 07:19
转化能力,老罗，缺不了你[呲牙]，感谢这一年以来的鼎力支持//@罗剑锋12:龚老师，不能少了我[耶][耶][耶],3898阅读,3赞,0评论,2018-12-01 22:26
转化能力,"好消息:
转化能力2019年，年费会员开始招募了
会员体系全面升级，需要加入会员的请加weixin
oogong
欢迎您的加入。早加入早受益",1.2万阅读,9赞,7评论,2018-12-01 03:04
转化能力,要做工作总结和汇报正好用得上,4047阅读,1赞,2评论,2018-11-30 05:28
转化能力,"告别2018年11月
温润岁月 执着善良
2018年11月30日",7681阅读,7赞,0评论,2018-11-30 05:24
转化能力,"转化能力观点
低质量的社交，不如高质量的独处
一个人生活，可以平淡，乏味、停滞不前、也可以是一场充实、美妙、精彩纷呈的冒险。
那些独处的时光会让你发光，人只有学会倾听内心的声音、才能活得愈加有深度，利用独处的时间为自己增值，才能把生活点滴成诗。
《独处、也是一个人最好的增值期》
2018年11月29日",1.5万阅读,9赞,5评论,2018-11-29 04:08
转化能力,"为你点赞👍👍👍，不同的企业和不同的发展阶段维度和权重都要调整，活学活用[祈祷]//@凡尘26213843:销售额 权重40%
利润额 权重40%
库存周转率 权重5%
重点客户保有率 权重5%
客户开发达成率 权重5%
重点市场完成率 权重5%
说说个人看法，不知道对不对！
重点客服保有率只有5%，说明队老客户并不重视。
客户开发达成率只有5%，说明开拓新客户也不那么重要，
重要市场占有率只有5%，说明对市场也不是很重视，
库存周转率就不用说了。
如果这个比率合理，那么完成前两项就已经80分了，剩下四项随便弄弄也之前有5分到10分，也就是基本85分到90分，kpi考核这个分值也可以了。
但是没有老客户，没有新客源，你那里来的任务完成，完不成任务，哪来的库存周转，没有周转率哪来的高利润，没有高利润哪来的利润额。
老客户不维护越来越少，新客户不来拓越来越少，库存积压资金周转和利润越来越少，死循环吗？",4009阅读,0赞,1评论,2018-11-27 17:48
转化能力,"什么叫优秀的员工
“一名优秀的员工可以顶50名平庸的员工，并不是说一个人可以干50个人的活，而是他可以影响到很多人。 “优秀的员工只要告诉他要做什么事要什么效果，他就会想办法搞定。
“越是出色的人越善于在缺乏条件的状态下把事情做到最好，越是平庸的人越是对做事的条件挑三拣四。”",3.4万阅读,44赞,20评论,2018-11-27 04:42
转化能力,"共建利益共同体
利益若不趋同，思想无法统一
1、产值共联：管理层的收入直接与公司收入相关
2、剩余价值共享：让管理层分享当期的经营成果
3、产权共有：让管理层成为合伙人，共同承担风险与长期受益。
《利益共同体，形成真正的合力》
2018年11月26日",1.6万阅读,11赞,5评论,2018-11-26 02:46
转化能力,学会做竞争分析，客观面对市场竞争,3585阅读,3赞,9评论,2018-11-23 19:51
转化能力,"始终服务于最终目的，随时回到原点思考
我们找对最终目的就能找到正确答案，我们做任何一个事情，都要抓住它的最终目的，只要我们做事的目的清楚，我们马上就会做，甚至不用去专门地学
《走着走着，往往忘记了是为何出发的》
2018年11月23日",1.1万阅读,3赞,2评论,2018-11-22 20:49
转化能力,这次以后应该会有所改变，看清楚了这些品牌的嘴脸，赚着我们的钱，内心的不尊重//@大娃6082:如果实体店打大折优惠，一样要把店门挤爆的节奏！这就是我们大中国的现状！,3311阅读,0赞,0评论,2018-11-22 01:18
转化能力,你说到根本了[赞][赞][赞][玫瑰][玫瑰][玫瑰]//@汤煮萝卜丝:折射出这个人是多么的无知可悲！,3238阅读,1赞,0评论,2018-11-22 00:58
转化能力,"有你，有转化
转化能力感恩大礼包，赠送30套最新规划汇报PPT模板链接：https://pan.baidu.com/s/1nuBS2bUTHtKw_Zusyd9caQ
提取码：4pno",8040阅读,9赞,3评论,2018-11-21 20:35
转化能力,"市场营销与营销管理
什么是营销管理：选择目标市场、并通过创造、交付和传播优质价值来获得用户、挽留用户和提升用户的科学与艺术。
市场营销的目标是满足用户的需求和欲望；
市场营销的核心是交换；交换取决于营销者的产品满足用户需求的程度和对交换过程管理的水平。
《营销的核心是需求》",1.9万阅读,20赞,12评论,2018-11-21 05:09
转化能力,"一年之计在于冬”
战略源于军事，历史久远，古称“韬略”，指对战争全局的筹划和谋略。
对于企业来说，战略就是让你的企业和产品与众不同，形成核心竞争力。战略是一个简单、焦点明确的价值定位。
《战略是大竞争时代的商业生存之道》
2018年11月20日",1.1万阅读,7赞,0评论,2018-11-20 05:18
转化能力,营销结果论,6367阅读,3赞,1评论,2018-11-20 00:55
转化能力,谢谢，多些维度思考[玫瑰][玫瑰][玫瑰]//@品牌精英慧:好资料,2.3万阅读,4赞,0评论,2018-11-19 10:07
转化能力,"把握当下布局未来！
年轻的时候更多的考虑的是当下，比如工资收入。
随着年龄的增长，会慢慢的想到未来！
当下是什么，对于职场人员来说是工资，奖金等收益
对于企业来说是销售收入，利润收入。
未来是什么，对于企业是持续的收入，企业的发展。
对于个人是能力的提升，平台的发展，个人如果能够跟企业共同发展，而且有未来是最好不过的。
如何解决当下和未来的问题：
•        对于个人除了当下的工作外，要学会能力的提升。
•        对于企业要有战略布局，长远规划。
2018年11月19日",1.4万阅读,7赞,5评论,2018-11-19 03:35
转化能力,全站打包专栏，双11的活动优惠券还有几张，需要的去专栏里面领取使用[玫瑰],3153阅读,1赞,1评论,2018-11-15 10:20
转化能力,实践了才有价值，为你点赞[赞][赞][赞]//@我的天哪hhh:做为一个管理者，这些是必须认真学习，努力实践的，谢谢！,2.5万阅读,3赞,2评论,2018-11-15 04:29
转化能力,"销售最大的敌人是：
你的抱怨！你的借口！
-成功销售16个方法-
说明：
1、顾客是最好的老师、同行是最好的榜样、市场是最好的学堂。
2、销售的97%都在建立信赖感，3%在成交。
3、拒绝是成交的开始。
4、销售是信心的传递、情绪的转移、体力的说服。
5、为顾客创造他需要的价值。
6、所有的一切事物，都要学会去链接。
7、顾客买的不是产品本身，更买产品相关的及额外服务。
8、人脉就是钱脉，人缘就是钱缘。
9、做业绩不要小看每个月最后几天，冲刺创造奇迹
10、没有卖不出的产品，只有卖不出产品的人。
11、随时随地都在销售，把销售变成一种习惯。
12、销售就是建立关系，找到与客户的共同点。
13、销售不变的法宝，多听少讲，服务的最高境界，发自内心，不是流于形式。
14、面对顾客，首先微笑。
15、因为熟练、所以专业，因为专业，所以极致。
16、常问自己，顾客为什么向我买单？",1.8万阅读,21赞,14评论,2018-11-15 02:41
转化能力,品牌工具ppt,1.7万阅读,4赞,4评论,2018-11-14 05:02
转化能力,"做销售80%靠耳朵，20%靠嘴巴！
接触过很多各行业的销售高手，他们都认为做销售耳朵比嘴巴更重要，沟通从心开始，第一步是学会倾听，在销售中，80%的成交要靠耳朵完成，仅有20%靠嘴巴讲解。
倾听什么：
客户的需求、改进产品和服务、掌握客户的满意度。
（倾听是合作的开始）
 你认同吗？",1.6万阅读,14赞,13评论,2018-11-13 23:06
转化能力,"自媒体是精准营销推广的解决方案
以自媒体为核心，进行消费者精准到达和市场的引爆，同时进行自媒体矩阵建设，头条、朋友圈、社群、微博、百度信息沉淀和生态构建，升级网站和网站SEO优化，全网营销。
《拥抱自媒体，传播更精准有效》
 ",7810阅读,2赞,0评论,2018-11-13 04:48
转化能力,出身背景，知识结构，人生经历不同所以你我不同,1.2万阅读,6赞,4评论,2018-11-12 22:17
转化能力,"人际关系的建立技巧可以简化为十大要领-曾仕强
一表人才、两套西装、三杯酒量、四圈麻将、五方交游、六出祁山、七术打马、八口吹牛、九分努力、十分忍耐。
（具体的详解请参阅头条搜索）
缅怀曾老师！",1.4万阅读,9赞,6评论,2018-11-12 07:31
转化能力,"2018年11月11日19:54
，国学大师、中国式管理之父曾仕强先生在台湾安详辞世，享年84岁。曾仕强先生是当代久负盛名的中国式管理大师，一生为发扬道统文化而奔走呼号，著有《易经的奥秘》《中国式管理》《胡雪岩的启示》等。",1.7万阅读,21赞,33评论,2018-11-11 19:20
转化能力,战略规划，品牌先行,2.2万阅读,4赞,2评论,2018-11-11 06:22
转化能力,"双11的核心是
“让用户占便宜了”
事实上是自己花钱
但是感觉赚了
这就是营销
《首先您的产品要有价值，有可比性、用户才会觉得赚了》
营销的目的是努力提高产品的价值
<好消息>
应头条邀请，本头条号所有专栏推出双11活动现金抵用优惠券，欢迎大家去专栏领取",1.5万阅读,6赞,8评论,2018-11-10 23:52
转化能力,"转化能力所有专栏
双11大促
优惠券大放送
一年仅此一次
今日头条推荐专栏
https://ic.snssdk.com/column/v2/index/text_article/landing/?article_id=6612851598433452552",9896阅读,3赞,2评论,2018-11-09 23:49
转化能力,口碑传播[赞]//@品牌精英慧:品牌是口口相传出来的,1.7万阅读,2赞,2评论,2018-11-09 18:36
转化能力,"优柔寡断，是人生最大的负能量。
人生没什么好优柔的。
从生命角度去看，你人生路径上的任何一种选择都是错误的，无论你怎么选，都有差错；
因此，当选择来临，A和B，拿一个便走就是。
人生没有对错，只有选择后的坚持，
不后悔，走下去，就是对的。
我最喜欢的一句诗就是--
走着走着，花就开了。
周末快乐",1.7万阅读,23赞,8评论,2018-11-09 05:29
转化能力,共同成长//@AiresYo:分享一种快乐！,2.1万阅读,5赞,1评论,2018-11-08 20:55
转化能力,[赞][赞][赞]//@鹤立鸡群卓尔不凡:要像爱护眼睛一样爱护自己的品牌[微笑],2.2万阅读,6赞,2评论,2018-11-08 20:55
转化能力,你值得拥有[玫瑰],1.8万阅读,16赞,8评论,2018-11-08 10:07
转化能力,"忘掉自我，成就你我！
谦虚不是把自己想得很糟，而是完全不想自己。
                                              ------卢维斯定理
备注：
如果把自己想得太好，就很容易把别人想得很糟。
 ",9029阅读,7赞,1评论,2018-11-08 02:46
转化能力,"全站打包
支持一把，走起来[赞][赞][赞][赞][赞]",1.6万阅读,16赞,4评论,2018-11-07 06:19
转化能力,"冬，终也，万物收藏也。
立冬后，就意味着冬季正式来临。
草木凋零，蛰虫休眠，万物活动趋向休止。
今冬麦盖三层被，来年枕着馒头睡
提醒：2019年的计划可以开始做了",8230阅读,12赞,2评论,2018-11-06 21:07
转化能力,感谢，多交流[赞][赞][赞]//@幕僚智慧:我学习研究品牌很久了，看了很多关于品牌的文章，这个PPT很有实用价值，值得推荐学习,2.8万阅读,4赞,3评论,2018-11-06 07:39
转化能力,完成业绩方法,2.5万阅读,18赞,4评论,2018-11-05 07:20
转化能力,"一个人最好的状态是什么样？
眼里写满故事，脸上却不见风霜。
每天笑意满满，自信温和，
不羡慕谁，也不嘲笑谁。
《愿你出走半生，归来仍是少年》
 ",1.2万阅读,15赞,10评论,2018-11-05 05:22
转化能力,"花开满树红，花落满枝空。
唯余一朵在，明日定随风。",9343阅读,13赞,3评论,2018-11-01 23:05
转化能力,"人生在世 去若朝露
魂归来兮 哀我何悲
---金庸《天龙八部》",1.1万阅读,6赞,0评论,2018-11-01 05:18
转化能力,"#主持人李咏去世#
珍惜健康
健康是生命美好的根源！
没有生命，一切不复存在。
在奋斗的时候，加班的时候，创业的时候
失落的时候，暴躁的时候，快乐的时候
应酬的时候，聚会的时候。。。。。。
别忘记了健康！",1.5万阅读,13赞,2评论,2018-10-28 22:42
转化能力,"#主持人李咏去世#【主持人李咏因癌症在美国去世】刚刚，李咏妻子哈文发文称：在美国，经过17个月的抗癌治疗，2018年10月25日凌晨5点20分，永失我爱…… （转环球网）
逝者已去，生者保重",1.9万阅读,14赞,9评论,2018-10-28 22:08
转化能力,营销过程重要还是营销结果重要 没有好的结果，一切过程都是白费，一切为了销售，销售业绩是客观事实不容置疑，过程或多或少有主观的因素，我们相信客观事实💪💪💪,2.0万阅读,20赞,8评论,2018-10-26 00:51
转化能力,一项资源，谁用的好，东西就归谁!,9944阅读,12赞,2评论,2018-10-25 05:07
转化能力,"学习最大的挑战是
我们自己的思维方式和过往的经验!",9004阅读,12赞,4评论,2018-10-24 05:00
转化能力,懂得倾听，才会了解真相!,1.1万阅读,6赞,1评论,2018-10-22 19:42
转化能力,推荐，全站打包专栏,1.5万阅读,8赞,4评论,2018-10-22 02:53
转化能力,"“成年人的崩溃，都是静悄悄”
有时候只想找个人聊聊，但不知道该联系谁？
成年人的崩溃很难有人帮你分担，大多时候需要一个人硬抗
，你扛过去了、跨过这道坎了，你也就成了。
成年人的崩溃，往往以一句“没事”结尾！
生活不易，请继续努力！",1.4万阅读,20赞,12评论,2018-10-21 23:26
转化能力,"好消息，好消息[玫瑰][玫瑰][玫瑰]
感谢您的持续关注和转发！
转发能力迈出一小步，粉丝突破10万",8798阅读,22赞,6评论,2018-10-20 09:50
转化能力,抖音，头条，在自媒体里面现在流量最大,1.8万阅读,8赞,5评论,2018-10-20 09:02
转化能力,[赞][赞][赞]不做自媒体，日子也不好过//@牧之梅隆133:没有营销，等于老板作死,2.7万阅读,7赞,1评论,2018-10-20 08:34
转化能力,2018年度总结2019年年度规划,1.7万阅读,17赞,8评论,2018-10-20 02:52
转化能力,[赞][赞][赞]//@阿力谈市场:营销是化学反应，销售是物理反应。营销在前，销售在后。营销是从产品的研发到产品的维护，销售只是产品的售出。,2.4万阅读,13赞,9评论,2018-10-19 05:26
转化能力,"转化能力观点
“营销就是占领用户心智”",8827阅读,8赞,5评论,2018-10-19 05:25
转化能力,有开始，有阶段[玫瑰][玫瑰]//@1168466817:静下心来听，去体会，年初的豪情满怀当下实现了多少？你还有多少勇气和魄力开始新的征程？总得结束，总会开始……,1.7万阅读,10赞,7评论,2018-10-18 08:10
转化能力,"能力越用越有能力”
说明：
物尽其用 人尽其才、做企业的要知人善用
作为职业精英，有能力就用出来，能力留着不用会生锈的，越用越有能力、有多少能力就用多少能力，不要等着能力强了再用，也许等你能力强了就无用武之地了。
不要缩手缩脚，撸起袖子加油干！
 ",1.6万阅读,13赞,4评论,2018-10-17 20:03
转化能力,只剩下2个多月了，2018年业绩冲冲冲[加油][加油][加油],1.3万阅读,4赞,4评论,2018-10-17 09:03
转化能力,"九九重阳节
感恩敬老
身体康健",8321阅读,8赞,0评论,2018-10-17 05:01
转化能力,"感谢今日头条的持续推荐
感谢您的转发和购买[玫瑰][玫瑰][玫瑰]
主编向您致敬",1.6万阅读,16赞,4评论,2018-10-17 01:16
转化能力,普通人关注结果，高手关注系统,8882阅读,11赞,4评论,2018-10-15 22:07
转化能力,绩效考核对于创新有时候是致命的,1.2万阅读,14赞,7评论,2018-10-14 20:49
转化能力,"为什么
忙而不获？",1.3万阅读,11赞,4评论,2018-10-12 00:42
转化能力,"粉丝福利:
30种战略管理工具PPT源文件下载，链接：https://pan.baidu.com/s/1POh6uYfkSI08YLyz5SSBuQ
提取码：y6ir
感谢您的持续关注",1.4万阅读,18赞,10评论,2018-10-11 22:09
转化能力,大道至简，少即是多,1.4万阅读,18赞,1评论,2018-10-10 23:24
转化能力,"在营销学中一直有一种观点：
市场营销中最本质、最核心的，
也是最关键的工作就是“产品创新”",1.5万阅读,26赞,5评论,2018-10-10 08:53
转化能力,"我是谁？
你是你的世界的核心，没有你，一切与你无关!
你不是你自己，你是社会赋予你的角色!
在父母面前，你是子女
在子女面前，你是父母
在员工面前，你是老板
在朋友面前，你是朋友
在夫妻面前，你是老公或者是老婆
在同事面前，你是同事
在老板面前，你是员工
在学生面前，你是老师。。。。
在你自己的世界里，你很重要
在整个世界你，你很渺小，你的社会角色很大
放下小我，成就大我
用良知，做好你的每一个社会角色",1.5万阅读,16赞,10评论,2018-10-08 20:43
转化能力,"《转化能力观点》
成大业的人具备两个条件：
一腔热血（激情）
一身正气（品德）",1.1万阅读,7赞,2评论,2018-10-07 21:31
转化能力,假期总是很快，后天又要上班了[捂脸],1.9万阅读,6赞,3评论,2018-10-05 22:53
转化能力,[赞]//@冏囧不囧:全套专业资料，解决问题的能力是一个职场人的必备能力[耶],3.0万阅读,10赞,5评论,2018-10-04 20:45
转化能力,"正好假期
下载下来仔细看看
如何完成业绩专栏",2.0万阅读,15赞,11评论,2018-10-04 08:15
转化能力,祝您节日快乐[玫瑰][玫瑰][玫瑰],2.7万阅读,15赞,5评论,2018-10-03 07:56
转化能力,"国庆节快乐！
祝您及家人身体健康[玫瑰]",1.4万阅读,18赞,0评论,2018-09-30 19:45
转化能力,"“越过山丘，却发现无人等候”
国庆假期，多陪陪父母！
放下工作，放下手机！",1.3万阅读,14赞,3评论,2018-09-29 21:51
转化能力,[赞][赞][赞][玫瑰][玫瑰][玫瑰]第一个//@创口贴30710472:分享快乐,5597阅读,6赞,2评论,2018-09-29 09:41
转化能力,心有理想，春暖花开,9812阅读,8赞,1评论,2018-09-29 09:34
转化能力,,1.1万阅读,17赞,3评论,2018-09-27 22:02
转化能力,,1.2万阅读,13赞,6评论,2018-09-26 20:40
转化能力,"转化能力观点
“品牌一旦在市场上形成，就不只属于品牌拥有者，她更属于用户（消费者）”",1.2万阅读,21赞,9评论,2018-09-25 20:42
转化能力,"祝您中秋节快乐，幸福美满！
家庭事业双丰收[祈祷][祈祷][祈祷]",1.3万阅读,17赞,1评论,2018-09-24 10:48
转化能力,聪明[呲牙][赞]//@A兴小爷:转发了，培训下属有用,2.3万阅读,15赞,4评论,2018-09-19 08:50
转化能力,[祈祷][祈祷][祈祷]//@李学智817:良心小编，好人一个,2.0万阅读,12赞,1评论,2018-09-18 18:53
转化能力,"如果有人问：「什么是最好的教育？」

也许答案就是：
植根于内心的修养；无需提醒的自觉；
以约束为前提的自由；为别人着想的善良。",1.5万阅读,26赞,4评论,2018-09-17 18:52
转化能力,做一个劳逸结合的行动派,1.7万阅读,21赞,4评论,2018-09-16 22:14
转化能力,[赞][玫瑰][玫瑰][玫瑰]//@阿力谈市场:品牌的建立，产品的策略，销售的体系，客户的维护，这是营销的骨架。感谢龚老师的讲解！受教了,2.7万阅读,14赞,4评论,2018-09-14 07:21
转化能力,"金九银十，业绩冲冲冲
人到位，空缺岗位赶紧上人，激发战斗力
货到位，准备足够的产品，避免断货
钱到位，准备足够的现金流和奖励措施",2.0万阅读,19赞,14评论,2018-09-12 00:14
转化能力,"某婴儿用品公司招聘电商经理或总监
老板人非常好，企业前景好
有意向的请将简历发邮件到
oogong@qq.com
工作地点:江西南昌",1.5万阅读,10赞,4评论,2018-09-11 04:13
转化能力,"这是个移动互联的时代
交互 开放 共享
转化能力致力于打造营销知识共享平台
欢迎营销精英的加入和参与",2.2万阅读,21赞,4评论,2018-09-10 20:19
转化能力,"每个人都是老师！
每个人都是学生！
向老师致敬",1.4万阅读,20赞,2评论,2018-09-09 22:14
转化能力,"做营销的最苦最累，天天忙着如何完成业绩。
还要天天写报告，实在是忙不过来
转化能力专门为营销人员定制的工具，源文件
完成业绩靠你自己，写文件的事情转化能力帮你完成。
营销汇编最新8月份源文件55套
需要源文件的私信本头条号“8月份汇编”5个字
请您多多转发，让更多的营销人员受益.
营销人员真的太苦了，转化能力主编向您致敬",3.9万阅读,61赞,70评论,2018-09-04 23:36
转化能力,感谢第一个转发[赞][赞][赞][玫瑰][玫瑰][玫瑰]//@果然194241209:转发了,3.2万阅读,16赞,7评论,2018-09-03 05:56
转化能力,头条推荐已经30万了，感谢大家的转发，顶起来[玫瑰][玫瑰][玫瑰][玫瑰][玫瑰][玫瑰],3.5万阅读,41赞,18评论,2018-08-21 23:23
转化能力,[赞][赞][玫瑰][玫瑰][玫瑰]//@阿力谈市场:以销售目标以数字分解的时代已经过去了，现在的时代就需要专业，怎么叫专业呢！就是可以为公司，为销售员工搭建完整的市场营销体系。,3.9万阅读,25赞,13评论,2018-08-18 11:35
转化能力,需要本源文件的，请关注，转发，点赞后，私信本头条号“规划方案”四个字，自动回复源文件下载链接和密码[玫瑰][玫瑰][玫瑰],3.3万阅读,43赞,26评论,2018-08-16 00:22
转化能力,"------竞争不可避免
企业如何战胜竞争对手
如何在竞争中立于不败之地！
请关注，”CEO课-企业经营制胜之道核心战术“专栏文章！",1.8万阅读,16赞,26评论,2018-08-14 10:15
转化能力,"重要通知：购买了这个专栏，没有拿到源文件的
请在评论区留下邮箱地址，主编安排专人给您发邮箱.
感谢您购买本专栏。",2.1万阅读,17赞,25评论,2018-08-10 02:44
转化能力,"7月份汇编，215份源文件。
转化能力年费精英会员福利
欢迎营销精英加入“营销精英群”
需要入会的请私信“合作”两个字",2.5万阅读,22赞,26评论,2018-08-08 05:15
转化能力,恭喜您[玫瑰][玫瑰][玫瑰][玫瑰][玫瑰]//@冏囧不囧:感谢老龚，爱总，转化能力大家庭的伙伴们！[祈祷],1.9万阅读,10赞,3评论,2018-08-08 04:29
转化能力,"8月6日文章：“计划做不好 烦恼少不了 计划能力提升6份PPT课件12种月度计划表格”

评论达人中奖者公布：“囧囧不囧”恭喜您，您果然有才，像您的名字一样：“囧囧不囧”

奖品为：转化能力定制的16GU盘，内含转化能力头条号“全套所有源文件”
请您私信主编，提供地址等收件人信息，顺丰快递送到您家。
欢迎大家也积极参加活动！",3.4万阅读,19赞,13评论,2018-08-07 23:14
转化能力,欢迎参加评论达人活动，有质量的评论，24小时内点赞最多的，将获得本头条号所有汇编源文件定制U盘一个。//@吕燕喜:先坐个沙发再说,2.0万阅读,17赞,9评论,2018-08-06 11:32
转化能力,没有拿到源文件的请私信本头条号“营销策划”四个字,2.5万阅读,33赞,56评论,2018-08-04 06:14
转化能力,第一个评论，点赞[赞][赞][赞][玫瑰][玫瑰][玫瑰]//@吕燕喜:沙发,2.7万阅读,27赞,13评论,2018-08-01 11:46
转化能力,"无论你是否虚度七月的光阴，
我们都将拥抱八月，
拥抱2018最后的夏天，
走向2018最初的秋天。",1.2万阅读,33赞,6评论,2018-07-31 20:05
转化能力,第一个评论，点赞[赞][赞][赞][玫瑰][玫瑰][玫瑰]，请大家停留几分钟阅读再转发，顺便点赞一下，非常感谢[祈祷]//@悲伤斜对面A:先坐个沙发，再看文章,2.2万阅读,42赞,10评论,2018-07-31 09:51
转化能力,是私信“转化能力”四个字，自动给你发链接和密码,2.3万阅读,20赞,31评论,2018-07-24 09:19
转化能力,第一个转发点赞[赞][赞][赞][玫瑰][玫瑰][玫瑰]//@悲伤斜对面A:沙发？绝对干货,2.1万阅读,14赞,2评论,2018-07-24 08:20
转化能力,"[赞]//@健康每一天
:高大上的总结，一个好的总结好于一群人的漫无边际的开会，转发",6880阅读,21赞,22评论,2018-07-22 13:33
转化能力,你是第一个转发[玫瑰][玫瑰][玫瑰][玫瑰]，给你点赞[赞]//@欢乐优果:转发了,1.3万阅读,36赞,21评论,2018-07-22 11:39
转化能力,[赞][赞][赞]不晚不晚[呲牙]//@五月and七月:曾经写过三份项目计划书，写的过程中靠自己“绞尽脑汁”，如果当时能有学习到龚老师的这个神器，那可真是省不少劲呀[呲牙],1.7万阅读,14赞,1评论,2018-07-20 08:10
转化能力,,7502阅读,18赞,6评论,2018-07-14 09:59
转化能力,"https://item.taobao.com/item.htm?spm=a1z10.1-c-s.w11877763-18479660628.1.545d5e21U68wtL&id=573008722834

今日头条推荐百万的“46个精心挑选的半年度汇报ppt模板”还没拿到源文件，请点击链接购买，白菜价
记得好评，感谢！
转化能力需要您的支持！",1.1万阅读,22赞,12评论,2018-07-03 06:03
转化能力,"2018年上半年总结和下半年计划
这份今日头条推荐近100万的2017年总结和2018年规划可以参考借鉴",8587阅读,21赞,16评论,2018-06-25 21:59
转化能力,恭喜恭喜，你是第一个评论的[赞][赞][赞][玫瑰][玫瑰][玫瑰]//@吕燕喜:先抢个沙发,9615阅读,18赞,3评论,2018-06-20 18:17
转化能力,"要参加7月8号营销精英线下互动见面会的
速度扫码进群",5463阅读,9赞,2评论,2018-06-20 06:07
转化能力,早上好,9100阅读,17赞,3评论,2018-06-18 19:43
转化能力,祝您端午安康，万事如意！,5428阅读,9赞,1评论,2018-06-17 21:52
转化能力,"父亲节快乐！
欢迎加入年费精英会员！还有部分名额
100多篇源文件！主编20多年的职业积累！
只要您提供邮箱地址，全部发给你。",4426阅读,11赞,3评论,2018-06-17 00:28
转化能力,“你今天的日积月累，早晚会成为别人的望尘莫及。”,5225阅读,20赞,4评论,2018-06-16 17:32
转化能力,直面问题，有则改之无则加勉[碰拳],6336阅读,12赞,2评论,2018-06-15 18:56
转化能力,"【选题征集】一晃半年又要过了！
你有什么焦虑?
欢迎大家评论留言！",3798阅读,7赞,2评论,2018-06-14 23:12
转化能力,"分享给即将创业的，正在创业的
筹备新项目的，走出创业这一步不易
祝你成功",8035阅读,12赞,1评论,2018-06-14 12:59
转化能力,创业不容易，多点思考没有坏处[谢谢][谢谢][谢谢],1.0万阅读,9赞,0评论,2018-06-14 12:11
转化能力,"如何做半年总结?
6个纬度28个方面回顾总结
做好总结，为下半年全速冲刺做准备",6490阅读,15赞,8评论,2018-06-13 22:00
转化能力,具有服务意识是职场情商的根本[握手],4454阅读,16赞,3评论,2018-06-12 22:02
转化能力,“转化”比“得到”重要,5077阅读,10赞,1评论,2018-06-11 21:05
转化能力,"https://www.wjx.top/jq/24925348.aspx
转化能力今日头条粉丝见面会
报名请按链接",4192阅读,8赞,3评论,2018-06-11 03:46
转化能力,好，最近筹备视频及安排微课，教大家怎么样这些源文件！//@老杨时间:龚总 您每次发的这些 看着都不错 但是当时候 需要给大家讲讲课 普及一下,1.1万阅读,12赞,4评论,2018-06-11 03:33
转化能力,"祝您周末愉快！
多陪陪家人[玫瑰][玫瑰][玫瑰]",1.1万阅读,16赞,1评论,2018-06-10 04:05
转化能力,,4874阅读,12赞,1评论,2018-06-09 11:22
转化能力,,4253阅读,9赞,9评论,2018-06-04 06:00
转化能力,"✔转化能力粉丝超级福利
6月份首批年费精英会员招募
只限100人，原价298元年费，针对粉丝福利优惠价198元，先到先得，收满结束.
加入年费会员，
最新的5月份40多套实用的源文件汇集免费发到你邮箱。
需要加入的留言或者私信 1",2938阅读,7赞,13评论,2018-06-02 06:38
转化能力,[大笑]家族企业吗？//@nmbj1:公司的总经理是个小媳妇[呲牙],3190阅读,3赞,0评论,2018-05-31 23:26
转化能力,[赞]企业主做好人财物，，给老罗点赞[玫瑰][玫瑰][玫瑰]//@罗剑锋12:在中国企业中，各角色责权利很难明确去的界定，特别是企业主的责权利。企业是老板的，所以老板什么事情都可以管，表面看起来此说法是成立的，就像国内对加班的态度一样。真的是这样吗？ 人不是万能的，包括企业主也一样；人的精力是有限的，不可能事无巨细的管理企业的所以事情或问题。 企业主的三大责任:1、研发或引进好的产品（物）；2、筹集企业运作所需要的资金（财）；3、找到合适的人并放到合适的位置上（人）。 企业主的权利:利用人财物的有效结合，把控企业发展方向和速度，营造适合企业主价值观的企业文化。 企业主的利:企业朝着既定的目标和方向不断进步、发展和壮大。进步发展和壮大是靠企业的经济盈利状况来决定的，但又不能仅限于眼前的经济利益而丧失远景发展目标。现金收入是小利，企业发展才是大利。 企业主能将自己的责权利明确，依照公司架构各层级从上往下，也将会清晰明确各自岗位的责权利。,2724阅读,3赞,0评论,2018-05-31 21:24
转化能力,"六一儿童节快乐！
空杯心态，保持儿童的好奇心和学习能力！",5310阅读,11赞,1评论,2018-05-31 19:08
转化能力,"早
还需要什么岗位的工作职责，请留言",5184阅读,13赞,9评论,2018-05-30 18:18
转化能力,【【转化能力】5000多套精品PPT素材，PPT模板，汇报，培训，高端】http://m.tb.cn/h.3adQe6s 点击链接，再选择浏览器打开；或复制这条信息€ptpT0EkLmIv€后打开👉淘宝👈,4469阅读,10赞,5评论,2018-05-30 00:20
转化能力,直接点击链接就可以,2529阅读,7赞,2评论,2018-05-29 06:39
转化能力,【【转化能力】品牌打造、品牌升级、品牌定位、品牌传播全套资料】http://m.tb.cn/h.3ab3Fd7 点击链接，再选择浏览器打开；或复制这条信息€Rfq00EhGuwb€后打开👉淘宝👈,6671阅读,6赞,9评论,2018-05-29 06:34
转化能力,"5000多套，PPT模板
感谢大家的关注，粉丝福利
淘宝搜索店铺，转化能力，下单即可",5872阅读,18赞,8评论,2018-05-25 23:32
转化能力,"实用的月度，季度，年度，汇报PPT模板汇编源文件
不同于其它的PPT模板只有图片和设计
我们的模板包含内容，填上具体的信息，马上就能用，实用，高效！
加入年费精英群就马上发给你，另外包括本头条发过的100多篇源文件一起发给你
名额有限，请把握机会，先到先得
需要加入的私信或者留言写 1",7266阅读,22赞,41评论,2018-05-25 07:35
转化能力,"福利，福利[玫瑰][玫瑰][玫瑰][玫瑰][玫瑰][玫瑰][玫瑰]
转化能力源文件下载商城正式推出
需要源文件，今后更方便了
只要去淘宝，店铺，搜索转化能力，立即可以拿到源文件",3699阅读,6赞,2评论,2018-05-20 21:25
转化能力,"稻盛和夫说：在我年轻时，听过松下幸之助先生的一次演讲，那是有关“水库式经营”的一次讲话，让我印象很深。

大量降雨时，若雨水全流入河里，任由河水泛滥，就会引发洪灾。但若将河水引进水库，视情况而放流，则不仅能防控洪水，还可以在干旱时防止河水断流。这样，雨水就得到了有效利用。所谓“水库式经营”就是将治水的方法应用于经营。",3917阅读,7赞,1评论,2018-05-20 20:45
转化能力,"消费者买的不是产品，
他们买的是更好的自己
“人们不是为了产品消费；他们希望可以买到一个更好的自己。当您试图吸引更多顾客时，您是要列出产品的特性，还是要描述它可以让您变得更好的程度呢？”
“这是我们的产品可以做的事情”以及“这是您可以用我们的产品做到的事”听起来很像，但它们是完全不同的途径
（让顾客变得更好；这才是卖点)",6653阅读,24赞,8评论,2018-05-12 19:46
转化能力,"特别为中小企业，总经理，营销总监，量身定制
企业制胜之道（“转化能力”中小企业扶持计划），帮助您的企业盈利、员工发展、股东满意，市场/渠道/品牌全面突破，名额有限，需要加入的请加我微信oogong。",5009阅读,12赞,6评论,2018-05-09 03:52
转化能力,"推荐阅读[赞]
雷军的公开信：小米是谁，小米为什么而奋斗",5692阅读,14赞,4评论,2018-05-03 00:41
转化能力,"如何打造企业营销规划体系系列文章分享
【第一篇:梳理分类】
助力营销总监总经理营销规划体系打造-梳理篇6个维度34个方法ppt
【第二篇:分析总结】
助力营销总监总经理营销分析总结 7个维度35个方法ppt
【第三篇:解决方案】
助力 营销总监总经理如何有效解决营销问题完成目标的28个方法ppt
已成为年费精英群会员的已经在会员群分享
还没有拿到源文件的，请留言1，或者加我微信oogong发给你",5836阅读,20赞,22评论,2018-05-02 13:09
转化能力,"重要通知
因为各位在评论区留言非常活跃，我复制感谢，结果被头条禁言一天，头条号评论区里面不能回复了。
有需要源文件或者加入会员的
请直接加我微信oogong要源文件和加入会员。
感谢，另外私信也可以
微信号oogong",3629阅读,3赞,5评论,2018-04-27 10:44
转化能力,"✔职场福利:
转化能力4月份营销专题汇编文库30多篇
1到3月份100多篇汇编文库文件
详细的文件内容可看本头条号
加入会员精英群，全部免费发放，您只需要加我微信oogong，5月份前优惠价只要发红包198，给我提供邮箱地址，免费发到你邮箱。
速度要快，名额有限。",6398阅读,17赞,12评论,2018-04-26 23:10
转化能力,"✔完成目标的124个方法
4份表格（目标制定40个纬度，目标量化24个方法，如何完成目标30个方法，有效执行30个方法）
需要源文件的请关注私信我（套表），如果已经加微信的，微信跟我说（套表）微信号oogong
精英会年费会员，免费发群里",7501阅读,20赞,14评论,2018-04-22 19:08
转化能力,"福利-转化能力原创-营销职场实用100份源文件分享，限额100名，先到先得！
要拿到这些源文件很简单，只要加入核心精英群年会会员，给我一个邮箱地址
将压缩文件发邮件给你
5月份前加入特价只要198元，用于共享知识平台打造（原价365（一天一元）
2种办法：
加微信oogong发红包，提供邮箱地址、将文件发给你！
付款到支付宝13916344247@139.com，留言邮箱，即发送源文件到你邮箱！",9666阅读,20赞,14评论,2018-04-14 19:09
转化能力,"…转化能力精英俱乐部会员招募﹉
关注转化能力头条号的都是营销领域和职场的精英，为了更好的提高转化能力，特别开了各区域精英俱乐部分群，更加落地，分享知识更加有针对性，资源共享平台 目前已经开了
广东分群，上海分群，北京分群，安徽分群，山东分群，川渝分群，江苏分群，云南分群，没开的区域到一定的人数也可以开，欢迎各位扫一下二维码，加我微信，拉到各分群，或者是加我微信oogong，拉到各分群。期待你的加入",3772阅读,14赞,1评论,2018-03-29 06:15
转化能力,"“天地之间，至诚无息”
致敬@李嘉诚[赞]",3043阅读,4赞,0评论,2018-03-16 09:05
转化能力,"三月新芽
祝你好运[谢谢]",2586阅读,12赞,1评论,2018-03-16 01:54
转化能力,"@“周例会”分析数据
1.把数据放大，抓趋势
2.数据不仅仅是数据.透过现象看本质，规律
3.数据来源，渠道，销售，产品，活动细节分析
4.数据与目标的匹配，分析完成率，费用率
5.同比和环比的数据变化研究
周会看数据，真实呈现营销的过程管理
分析数据是营销管理的必备能力之一。",4917阅读,16赞,7评论,2018-03-13 10:05
转化能力,"营销目标不是营销总监或者渠道总监的目标
而是充分考虑分析评估公司发展阶段，渠道资源，团队能力，产品优势等综合分析制定的公司阶段性营销目标
另外在拟定营销目标前，先要检讨营销计划中的销售目标、目标市场、以及经营评估中的问题点与机会点。
✔“说白了，目标不能拍脑袋”",5454阅读,23赞,4评论,2018-03-10 18:54
转化能力,"◎营销工具分享——OGSM
OGSM是Objective（目的）、Goal（目标）、Strategy（策略）、Measurement（测量）的英文首字母组成。OGSM是一种计划与执行管理工具，一种制定策略计划的强大工具，以使业务集中在大的目的与目标，与关键策略上；一种实践策略的手段，以达成理想的目的与目标。通常用来制定公司的策略计划，即未来发展的蓝图。",3554阅读,10赞,2评论,2018-03-10 04:10
转化能力,"◎营销概念分享
————长尾理论
“许许多多小市场聚合成一个大市场”",2410阅读,10赞,3评论,2018-03-08 18:17
转化能力,感谢您的付出[玫瑰][玫瑰][玫瑰][玫瑰][玫瑰][玫瑰],1777阅读,6赞,0评论,2018-03-08 00:29
转化能力,"周一，新的一周来了
有什么不开心吗？
或者有什么开心的
期待你的互动",2326阅读,12赞,0评论,2018-03-04 11:34
转化能力,"你有情绪
我也有情绪
你可以爆发出来
为什么我不能爆发出来
✔情绪可以爆发
✘但是，有情绪的时候不要做决定！
谨记
——《转化能力商学院》",3535阅读,23赞,2评论,2018-03-03 18:30
转化能力,"山上
山下

上山
下山",4605阅读,36赞,6评论,2018-03-02 21:39
转化能力,"找到事物之间的联系
不想关的找到关联性
不同组合，打破边界
突破时间和空间的界限
这就是创意",2565阅读,11赞,2评论,2018-03-02 08:08
转化能力,团圆，和美,1678阅读,13赞,1评论,2018-03-01 23:50
转化能力,祝您元宵节快乐，万事如意！@你,2924阅读,31赞,3评论,2018-03-01 18:03
转化能力,"做好销售分享三个心得:
1.思路决定出路，*换位思考*，从客户角度出发，解决客户的问题，清晰了解客户的需求和痛点，帮助客户，如客户库存情况，动销情况，资金流情况，团队情况等。
2.注重细节，*销售无小事*，给客户发送的文件，打电话，发微信，报价单，合同，每一个细节都要认真对待。
3.勤奋，*没事多沟通*，对待客户不是有事才找他，平时要多沟通，节假日问候一下，客户公司情况关心一下，月末月初打个电话，生日送个礼物等，勤劳致富，勤沟通。",4193阅读,21赞,4评论,2018-03-01 09:21
转化能力,"你好，三月！
万物复苏，生机勃勃
新鲜
成长
播种
耕耘
春暖花开",3876阅读,33赞,6评论,2018-02-28 19:01
转化能力,"一大早，动动脑[碰拳]
“每天有点新发现”",2500阅读,17赞,0评论,2018-02-28 15:04
转化能力,"思维分类
按思维内容的抽象性可划分为具体形象思维和抽象逻辑思维；按思维内容的智力性可划分为再现性思维与创造性思维；按思维过程的目标指向可划分为发散思维（即求异思维、逆向思维）和聚合思维（即集中思维、求同思维）；按思维过程意识的深浅可划分为显意识思维和潜意识思维等。
还可以分为逻辑思维和跳跃性思维，一般文科生或者是艺术家通常是跳跃性思维，理科生通常为逻辑思维。
你是哪一种?",2142阅读,5赞,0评论,2018-02-28 08:05
转化能力,“消费意愿”和“消费能力”是目标用户定位，必须要考虑的纬度！,4427阅读,23赞,3评论,2018-02-26 19:48
转化能力,“全面互粉”评论，上下左右，粉起来，关注你我他，粉丝大爆发[小鼓掌][小鼓掌][小鼓掌]！,5739阅读,42赞,35评论,2018-02-26 09:38
转化能力,因为懂你，所以给你想要的[击掌],3684阅读,36赞,3评论,2018-02-25 19:32
转化能力,"吃什么，影响你的身材
同理
看什么，决定你的眼界
学什么，决定你的思维
做什么，决定你的成就
你要成为什么，你决定",3863阅读,21赞,6评论,2018-02-24 09:29
转化能力,"“招商会成功关键”，要解决线上线下经销商的痛点，帮助经销商引流，动销，解决后顾之忧，经销商不用担心产品卖不掉的问题。
所以，总部需要赋能，资源支撑！",4385阅读,21赞,8评论,2018-02-23 05:21
转化能力,"招商会成功的关键是要解决以下4个问题:
 
一:为什么客户邀请不来?(客户答应好好的,可是到开会的时间就说有事情或者干脆就不答应)

二:为什么客户来了不听?(客户来了现场,听现场演讲,中途连招呼不打就走)

三:为什么客户听了不签单?(听课很激动,可是就是不签单?)

四:为什么签单后不打款?(现场签了很多,一般就是交点定金,为什么追款难?)",4558阅读,13赞,5评论,2018-02-22 10:05
转化能力,“开工寄语”2018年，携手点亮智慧！,3644阅读,12赞,2评论,2018-02-22 07:42
转化能力,"6度分割理论：
一个人只需要最多通过5个人就能联系到任何一个陌生人",3859阅读,13赞,2评论,2018-02-22 01:27
转化能力,大吉大利[谢谢][谢谢][谢谢],3506阅读,9赞,0评论,2018-02-21 19:15
转化能力,大年初六，顺顺利利！,4197阅读,13赞,1评论,2018-02-20 19:18
转化能力,“春节后上班倒计时2天”后天初七要上班了，你准备好了吗？,3917阅读,9赞,1评论,2018-02-20 02:10
转化能力,好运来！财神来！,4063阅读,18赞,1评论,2018-02-19 11:46
转化能力,五谷登丰、家宅平安[谢谢],3767阅读,11赞,3评论,2018-02-18 19:07
转化能力,大年初三，祝您平安！[谢谢][谢谢][谢谢],4218阅读,15赞,1评论,2018-02-17 16:58
转化能力,恭喜发财💰💰💰,3712阅读,11赞,5评论,2018-02-16 18:38
转化能力,马上要放假了，给您拜个早点，祝您顺顺利利，幸福美满！,3489阅读,19赞,0评论,2018-02-08 23:49
转化能力,感谢大家的关注，今晚关注人数突破一万，[玫瑰][玫瑰][玫瑰][玫瑰][玫瑰][玫瑰][玫瑰][玫瑰][玫瑰][玫瑰]谢谢你！刚刚有一个粉丝说他是9999号，哈哈，你是几号呢？这10000个里面，就有你，给你自己点个赞吧！,3256阅读,22赞,5评论,2018-02-03 10:18
转化能力,成为品类第一品牌，需要你的智慧,5417阅读,14赞,3评论,2018-01-31 08:55
转化能力,"“知”与“行”的跨越关键在于转化

“知”与“行”是两种不同的状态。前者是一个学习提升的过程，后者是一个实践运用的过程，这两种状态需要一个“转化”的过程。而这个转化，却是极其艰难的。有的人穷究一生学问，终归仍是坐而论道。有的人斩获战绩无数，但难以上升到思想高度。",4168阅读,16赞,2评论,2018-01-30 09:15
转化能力,感谢您的关注，转化能力头条号，关注用户快突破万人，您如果需要互粉的，请留言，我一定照办，感谢您！,3115阅读,7赞,2评论,2018-01-22 04:57
转化能力,建立一个品牌不容易，为品牌做贡献的您点赞,4010阅读,18赞,1评论,2018-01-16 08:18
转化能力,2018年，用心做好一件事,3645阅读,15赞,1评论,2018-01-15 09:21
转化能力,"转化（transformation）能力

转化就是将事物A通过某种方法或途径转变为事物B的一种解决问题的手段
转化能力比创新能力更重要，是企业高管的必备能力之一。
转化能力的核心是有效。",2489阅读,6赞,4评论,2018-01-11 09:53
转化能力,"感谢大家最近的关注和推送，关注人数突破了5000人！
谢谢大家！

目标是争取尽快突破1万人，请大家帮助推送，分享！

承诺分享更多了干货给大家，本人工作20年，有很多好的文件，定期分享！",1899阅读,5赞,1评论,2018-01-03 02:27
转化能力,,1849阅读,4赞,0评论,2017-12-23 01:36
总阅读数: 504.2548万,总赞数: 959,总评论数: 907
平均阅读数: 1.63万,平均赞数: 3.1,平均评论数: 2.94
